x,y,v
-7.858497,5.689342,6.000
-7.808472,5.688498,6.000
-7.758450,5.687532,6.000
-7.708429,5.686449,6.000
-7.658412,5.685253,6.000
-7.608397,5.683948,6.000
-7.558385,5.682539,6.000
-7.508376,5.681030,6.000
-7.458370,5.679426,6.000
-7.408367,5.677731,6.000
-7.358367,5.675949,6.000
-7.308370,5.674085,6.000
-7.258376,5.672142,6.000
-7.208384,5.670126,6.000
-7.158396,5.668041,6.000
-7.108410,5.665891,6.000
-7.058427,5.663679,6.000
-7.008447,5.661412,6.000
-6.958469,5.659093,6.000
-6.908493,5.656725,6.000
-6.858519,5.654315,6.000
-6.808548,5.651865,6.000
-6.758578,5.649380,6.000
-6.708609,5.646865,6.000
-6.658642,5.644324,6.000
-6.608676,5.641761,6.000
-6.558710,5.639180,6.000
-6.508746,5.636586,6.000
-6.458782,5.633983,6.000
-6.408818,5.631375,6.000
-6.358854,5.628767,6.000
-6.308890,5.626163,6.000
-6.258926,5.623567,6.000
-6.208961,5.620983,6.000
-6.158995,5.618417,6.000
-6.109028,5.615871,6.000
-6.059059,5.613351,6.000
-6.009090,5.610861,6.000
-5.959118,5.608405,6.000
-5.909145,5.605987,6.000
-5.859169,5.603612,6.000
-5.809192,5.601284,6.000
-5.759212,5.599007,6.000
-5.709229,5.596786,6.000
-5.659244,5.594625,6.000
-5.609256,5.592528,6.000
-5.559265,5.590499,6.000
-5.509272,5.588544,6.000
-5.459275,5.586665,6.000
-5.409276,5.584868,6.000
-5.359273,5.583157,6.000
-5.309268,5.581536,6.000
-5.259259,5.580009,6.000
-5.209248,5.578581,6.000
-5.159233,5.577256,6.000
-5.109217,5.576029,6.000
-5.059198,5.574896,6.000
-5.009177,5.573852,6.000
-4.959154,5.572892,6.000
-4.909130,5.572011,6.000
-4.859105,5.571205,6.000
-4.809078,5.570470,6.000
-4.759051,5.569800,6.000
-4.709023,5.569190,6.000
-4.658994,5.568637,6.000
-4.608965,5.568134,6.000
-4.558935,5.567679,6.000
-4.508905,5.567265,6.000
-4.458874,5.566889,6.000
-4.408844,5.566545,6.000
-4.358813,5.566230,6.000
-4.308782,5.565937,5.983
-4.258751,5.565663,5.964
-4.208720,5.565403,5.945
-4.158689,5.565151,5.926
-4.108657,5.564904,5.907
-4.058626,5.564657,5.888
-4.008595,5.564405,5.869
-3.958564,5.564143,5.850
-3.908533,5.563867,5.830
-3.858502,5.563572,5.811
-3.808471,5.563253,5.792
-3.758440,5.562906,5.772
-3.708410,5.562525,5.753
-3.658380,5.562106,5.733
-3.608350,5.561645,5.713
-3.558321,5.561137,5.694
-3.508292,5.560577,5.674
-3.458264,5.559960,5.654
-3.408237,5.559282,5.634
-3.358211,5.558538,5.614
-3.308185,5.557723,5.594
-3.258162,5.556833,5.574
-3.208139,5.555862,5.553
-3.158118,5.554807,5.533
-3.108100,5.553662,5.513
-3.058083,5.552422,5.492
-3.008069,5.551084,5.472
-2.958058,5.549642,5.451
-2.908050,5.548092,5.430
-2.858046,5.546429,5.410
-2.808046,5.544648,5.389
-2.758051,5.542744,5.368
-2.708060,5.540713,5.347
-2.658075,5.538551,5.326
-2.608096,5.536251,5.305
-2.558124,5.533811,5.283
-2.508159,5.531224,5.262
-2.458202,5.528486,5.240
-2.408254,5.525593,5.219
-2.358315,5.522540,5.197
-2.308387,5.519321,5.176
-2.258470,5.515933,5.154
-2.208565,5.512371,5.132
-2.158674,5.508629,5.110
-2.108796,5.504704,5.088
-2.058934,5.500590,5.066
-2.009087,5.496282,5.043
-1.959259,5.491776,5.021
-1.909449,5.487068,4.999
-1.859659,5.482151,4.976
-1.809891,5.477023,4.953
-1.760146,5.471677,4.931
-1.710425,5.466109,4.908
-1.660730,5.460315,4.885
-1.611062,5.454290,4.862
-1.561423,5.448028,4.838
-1.511816,5.441525,4.815
-1.462241,5.434777,4.792
-1.412701,5.427779,4.768
-1.363198,5.420526,4.744
-1.313734,5.413013,4.721
-1.264310,5.405235,4.697
-1.214930,5.397188,4.673
-1.165595,5.388866,4.649
-1.116308,5.380266,4.624
-1.067071,5.371381,4.600
-1.017887,5.362208,4.575
-0.968759,5.352742,4.551
-0.919689,5.342977,4.526
-0.870681,5.332909,4.501
-0.821737,5.322533,4.476
-0.772860,5.311845,4.451
-0.724054,5.300839,4.425
-0.675321,5.289511,4.400
-0.626666,5.277856,4.374
-0.578091,5.265870,4.348
-0.529600,5.253548,4.322
-0.481197,5.240886,4.296
-0.432886,5.227880,4.270
-0.384669,5.214524,4.243
-0.336552,5.200815,4.217
-0.288539,5.186748,4.190
-0.240633,5.172319,4.163
-0.192838,5.157524,4.136
-0.145161,5.142358,4.109
-0.097604,5.126817,4.081
-0.050172,5.110897,4.053
-0.002872,5.094593,4.026
0.044294,5.077901,4.000
0.091318,5.060816,4.000
0.138196,5.043334,4.000
0.184923,5.025450,4.000
0.231491,5.007160,4.000
0.277896,4.988458,4.000
0.324132,4.969340,4.000
0.370191,4.949802,4.000
0.416067,4.929838,4.000
0.461754,4.909444,4.000
0.507243,4.888615,4.000
0.552529,4.867344,4.000
0.597601,4.845627,4.000
0.642454,4.823459,4.000
0.687080,4.800838,4.000
0.731470,4.777758,4.000
0.775616,4.754214,4.000
0.819509,4.730202,4.000
0.863140,4.705717,4.000
0.906500,4.680755,4.000
0.949578,4.655309,4.000
0.992363,4.629375,4.000
1.034846,4.602947,4.000
1.077013,4.576019,4.000
1.118849,4.548579,4.000
1.160344,4.520628,4.000
1.201488,4.492160,4.000
1.242257,4.463159,4.000
1.282637,4.433619,4.000
1.322610,4.403530,4.000
1.362149,4.372873,4.000
1.401221,4.341622,4.000
1.439787,4.309751,4.000
1.477780,4.277197,4.000
1.515176,4.243960,4.000
1.551916,4.209999,4.000
1.587960,4.175300,4.000
1.623296,4.139880,4.000
1.657892,4.103737,4.000
1.691665,4.066825,4.000
1.724524,4.029096,4.000
1.756278,3.990432,4.000
1.787002,3.950946,4.000
1.816629,3.910629,4.000
1.845086,3.869478,4.000
1.872326,3.827512,4.000
1.898179,3.784678,4.000
1.922845,3.741148,4.000
1.946342,3.696978,4.000
1.968666,3.652202,4.000
1.989795,3.606851,4.000
2.009654,3.560929,4.000
2.028401,3.514542,4.000
2.046124,3.467755,4.000
2.062831,3.420595,4.000
2.078504,3.373081,4.000
2.093164,3.325246,4.000
2.106890,3.277133,4.000
2.119736,3.228779,4.000
2.131711,3.180201,4.000
2.142857,3.131427,4.000
2.153192,3.082474,4.000
2.162741,3.033362,4.000
2.171528,2.984108,4.000
2.179563,2.934725,4.000
2.186852,2.885227,4.000
2.193401,2.835626,4.000
2.199215,2.785933,4.000
2.204298,2.736160,4.000
2.208654,2.686318,4.000
2.212286,2.636418,4.000
2.215194,2.586471,4.000
2.217382,2.536487,4.000
2.218851,2.486477,4.000
2.219602,2.436451,4.000
2.219636,2.386419,4.000
2.218953,2.336392,4.000
2.217554,2.286380,4.000
2.215438,2.236393,4.000
2.212607,2.186441,4.000
2.209058,2.136535,4.000
2.204794,2.086685,4.000
2.199813,2.036902,4.000
2.194116,1.987196,4.000
2.187703,1.937576,4.000
2.180576,1.888055,4.000
2.172737,1.838641,4.000
2.164190,1.789345,4.000
2.154937,1.740176,4.000
2.144980,1.691145,4.000
2.134322,1.642261,4.000
2.122964,1.593536,4.000
2.110909,1.544978,4.000
2.098156,1.496599,4.000
2.084706,1.448409,4.000
2.070559,1.400419,4.000
2.055712,1.352641,4.000
2.040164,1.305086,4.000
2.023911,1.257768,4.000
2.006938,1.210703,4.000
1.989244,1.163904,4.000
1.970823,1.117387,4.000
1.951662,1.071170,4.000
1.931755,1.025269,4.000
1.911086,0.979706,4.000
1.889633,0.934507,4.000
1.867377,0.889698,4.000
1.844301,0.845306,4.000
1.820366,0.801371,4.000
1.795509,0.757950,4.000
1.769681,0.715100,4.000
1.742846,0.672874,4.000
1.714959,0.631335,4.000
1.685939,0.590580,4.000
1.655553,0.550832,4.000
1.623923,0.512066,4.000
1.590993,0.474400,4.000
1.556675,0.437993,4.000
1.520940,0.402976,4.000
1.483939,0.369299,4.000
1.445860,0.336847,4.000
1.406755,0.305638,4.000
1.366694,0.275666,4.000
1.325675,0.247020,4.000
1.283923,0.219453,4.000
1.241521,0.192895,4.000
1.198532,0.167301,4.000
1.154996,0.142646,4.000
1.110957,0.118903,4.000
1.066457,0.096035,4.000
1.021529,0.074021,4.000
0.976181,0.052885,4.000
0.930470,0.032544,4.000
0.884422,0.012980,4.000
0.838058,-0.005822,4.000
0.791398,-0.023878,4.000
0.744461,-0.041202,4.000
0.697264,-0.057805,4.000
0.649825,-0.073702,4.000
0.602159,-0.088904,4.000
0.554280,-0.103422,4.000
0.506202,-0.117269,4.000
0.457939,-0.130456,4.000
0.409504,-0.142992,4.000
0.360907,-0.154890,4.000
0.312161,-0.166159,4.000
0.263275,-0.176807,4.000
0.214257,-0.186824,4.000
0.165120,-0.196245,4.000
0.115874,-0.205079,4.000
0.066528,-0.213335,4.000
0.017090,-0.221024,4.000
-0.032431,-0.228154,4.000
-0.082028,-0.234734,4.000
-0.131694,-0.240775,4.000
-0.181421,-0.246285,4.000
-0.231204,-0.251272,4.036
-0.281035,-0.255746,4.075
-0.330909,-0.259717,4.114
-0.380820,-0.263192,4.153
-0.430763,-0.266180,4.193
-0.480732,-0.268691,4.234
-0.530722,-0.270733,4.275
-0.580729,-0.272315,4.317
-0.630748,-0.273444,4.359
-0.680775,-0.274131,4.403
-0.730806,-0.274384,4.447
-0.780837,-0.274211,4.491
-0.830866,-0.273621,4.535
-0.880888,-0.272621,4.578
-0.930900,-0.271222,4.621
-0.980900,-0.269431,4.663
-1.030884,-0.267256,4.705
-1.080851,-0.264706,4.747
-1.130798,-0.261790,4.788
-1.180722,-0.258514,4.829
-1.230622,-0.254889,4.870
-1.280496,-0.250914,4.910
-1.330342,-0.246606,4.950
-1.380159,-0.241972,4.990
-1.429945,-0.237021,5.029
-1.479700,-0.231759,5.068
-1.529421,-0.226194,5.107
-1.579109,-0.220335,5.145
-1.628761,-0.214189,5.184
-1.678379,-0.207762,5.221
-1.727960,-0.201063,5.259
-1.777505,-0.194099,5.296
-1.827013,-0.186876,5.333
-1.876483,-0.179403,5.370
-1.925916,-0.171687,5.407
-1.975312,-0.163733,5.443
-2.024670,-0.155551,5.479
-2.073991,-0.147145,5.515
-2.123274,-0.138524,5.551
-2.172521,-0.129695,5.586
-2.221731,-0.120663,5.621
-2.270905,-0.111437,5.656
-2.320043,-0.102022,5.691
-2.369146,-0.092426,5.725
-2.418214,-0.082655,5.760
-2.467249,-0.072716,5.794
-2.516250,-0.062616,5.828
-2.565220,-0.052361,5.861
-2.614158,-0.041958,5.895
-2.663067,-0.031414,5.928
-2.711946,-0.020736,5.961
-2.760796,-0.009930,5.994
-2.809620,0.000998,6.000
-2.858418,0.012040,6.000
-2.907192,0.023191,5.984
-2.955942,0.034442,5.965
-3.004670,0.045789,5.946
-3.053378,0.057225,5.927
-3.102066,0.068742,5.908
-3.150736,0.080335,5.889
-3.199390,0.091997,5.870
-3.248028,0.103722,5.851
-3.296653,0.115503,5.831
-3.345266,0.127334,5.812
-3.393868,0.139208,5.793
-3.442462,0.151119,5.773
-3.491047,0.163061,5.754
-3.539627,0.175028,5.734
-3.588202,0.187013,5.714
-3.636775,0.199009,5.695
-3.685346,0.211011,5.675
-3.733917,0.223012,5.655
-3.782490,0.235006,5.635
-3.831066,0.246986,5.615
-3.879647,0.258946,5.595
-3.928235,0.270879,5.575
-3.976831,0.282780,5.554
-4.025437,0.294640,5.534
-4.074054,0.306455,5.514
-4.122684,0.318216,5.493
-4.171328,0.329917,5.473
-4.219988,0.341551,5.452
-4.268666,0.353111,5.431
-4.317363,0.364589,5.411
-4.366082,0.375980,5.390
-4.414822,0.387274,5.369
-4.463586,0.398464,5.348
-4.512376,0.409544,5.327
-4.561192,0.420504,5.306
-4.610037,0.431338,5.284
-4.658911,0.442038,5.263
-4.707817,0.452596,5.242
-4.756754,0.463004,5.220
-4.805724,0.473255,5.198
-4.854729,0.483341,5.177
-4.903769,0.493254,5.155
-4.952845,0.502985,5.133
-5.001959,0.512525,5.111
-5.051111,0.521867,5.089
-5.100301,0.531009,5.067
-5.149528,0.539942,5.045
-5.198795,0.548657,5.022
-5.248101,0.557148,5.000
-5.297447,0.565408,4.977
-5.346831,0.573429,4.955
-5.396255,0.581205,4.932
-5.445718,0.588727,4.909
-5.495220,0.595989,4.886
-5.544761,0.602982,4.863
-5.594340,0.609698,4.840
-5.643957,0.616131,4.816
-5.693610,0.622275,4.793
-5.743300,0.628110,4.769
-5.793026,0.633639,4.746
-5.842785,0.638855,4.722
-5.892576,0.643751,4.698
-5.942399,0.648320,4.674
-5.992251,0.652556,4.650
-6.042131,0.656453,4.626
-6.092037,0.660006,4.601
-6.141966,0.663209,4.577
-6.191917,0.666055,4.552
-6.241887,0.668540,4.527
-6.291874,0.670657,4.502
-6.341875,0.672400,4.477
-6.391889,0.673762,4.452
-6.441911,0.674739,4.427
-6.491939,0.675323,4.401
-6.541971,0.675507,4.375
-6.592002,0.675287,4.350
-6.642030,0.674638,4.324
-6.692050,0.673561,4.298
-6.742059,0.672053,4.271
-6.792053,0.670107,4.245
-6.842028,0.667718,4.218
-6.891979,0.664879,4.191
-6.941902,0.661580,4.165
-6.991792,0.657814,4.137
-7.041643,0.653572,4.110
-7.091451,0.648845,4.083
-7.141210,0.643625,4.055
-7.190914,0.637905,4.027
-7.240558,0.631689,4.000
-7.290132,0.624932,4.000
-7.339624,0.617603,4.000
-7.389033,0.609733,4.000
-7.438352,0.601321,4.000
-7.487577,0.592371,4.000
-7.536696,0.582855,4.000
-7.585686,0.572699,4.000
-7.634547,0.561940,4.000
-7.683284,0.550629,4.026
-7.731865,0.538670,4.074
-7.780257,0.525965,4.122
-7.828494,0.512685,4.170
-7.876588,0.498895,4.217
-7.924547,0.484643,4.263
-7.972382,0.469980,4.309
-8.020105,0.454958,4.355
-8.067730,0.439627,4.400
-8.115270,0.424034,4.444
-8.162738,0.408223,4.488
-8.210145,0.392231,4.532
-8.257503,0.376094,4.575
-8.304822,0.359842,4.618
-8.352113,0.343510,4.661
-8.399386,0.327126,4.703
-8.446651,0.310717,4.745
-8.493916,0.294309,4.786
-8.541190,0.277929,4.802
-8.588483,0.261604,4.778
-8.635805,0.245361,4.755
-8.683166,0.229232,4.731
-8.730575,0.213245,4.707
-8.778043,0.197434,4.683
-8.825579,0.181831,4.659
-8.873194,0.166469,4.635
-8.920897,0.151380,4.611
-8.968695,0.136600,4.586
-9.016600,0.122166,4.561
-9.064624,0.108135,4.537
-9.112761,0.094495,4.512
-9.160995,0.081204,4.487
-9.209332,0.068294,4.462
-9.257780,0.055805,4.436
-9.306329,0.043714,4.411
-9.354976,0.032024,4.385
-9.403722,0.020752,4.360
-9.452561,0.009895,4.334
-9.501488,-0.000565,4.308
-9.550498,-0.010622,4.281
-9.599591,-0.020267,4.255
-9.648765,-0.029497,4.228
-9.698015,-0.038308,4.202
-9.747340,-0.046682,4.175
-9.796741,-0.054607,4.148
-9.846209,-0.062097,4.121
-9.895742,-0.069146,4.093
-9.945336,-0.075747,4.066
-9.994989,-0.081896,4.038
-10.044696,-0.087583,4.010
-10.094455,-0.092803,4.000
-10.144261,-0.097548,4.000
-10.194111,-0.101810,4.000
-10.244001,-0.105581,4.000
-10.293925,-0.108852,4.000
-10.343881,-0.111615,4.000
-10.393864,-0.113831,4.000
-10.443867,-0.115513,4.000
-10.493886,-0.116659,4.000
-10.543914,-0.117258,4.000
-10.593946,-0.117301,4.000
-10.643975,-0.116778,4.000
-10.693995,-0.115681,4.000
-10.743998,-0.113999,4.000
-10.793978,-0.111724,4.000
-10.843927,-0.108844,4.000
-10.893837,-0.105353,4.000
-10.943699,-0.101240,4.000
-10.993502,-0.096451,4.000
-11.043238,-0.091018,4.000
-11.092898,-0.084936,4.000
-11.142474,-0.078194,4.000
-11.191954,-0.070785,4.000
-11.241328,-0.062699,4.000
-11.290585,-0.053927,4.000
-11.339713,-0.044460,4.000
-11.388700,-0.034289,4.000
-11.437533,-0.023403,4.000
-11.486199,-0.011791,4.000
-11.534669,0.000613,4.000
-11.582940,0.013769,4.000
-11.630997,0.027687,4.000
-11.678823,0.042378,4.000
-11.726401,0.057855,4.000
-11.773711,0.074133,4.000
-11.820733,0.091224,4.000
-11.867445,0.109144,4.000
-11.913824,0.127910,4.000
-11.959821,0.147594,4.000
-12.005413,0.168199,4.000
-12.050582,0.189716,4.000
-12.095292,0.212169,4.000
-12.139506,0.235586,4.000
-12.183177,0.260000,4.000
-12.226252,0.285449,4.000
-12.268562,0.312152,4.000
-12.310096,0.340047,4.000
-12.350780,0.369168,4.000
-12.390507,0.399580,4.000
-12.428982,0.431562,4.000
-12.466073,0.465139,4.000
-12.501685,0.500281,4.000
-12.535656,0.537013,4.000
-12.568053,0.575139,4.000
-12.598937,0.614501,4.000
-12.628270,0.655032,4.000
-12.656116,0.696598,4.000
-12.682791,0.738926,4.000
-12.708371,0.781924,4.000
-12.732919,0.825520,4.000
-12.756488,0.869652,4.000
-12.779125,0.914270,4.000
-12.800867,0.959331,4.000
-12.821697,1.004820,4.000
-12.841682,1.050687,4.000
-12.860856,1.096899,4.000
-12.879233,1.143434,4.000
-12.896829,1.190269,4.000
-12.913654,1.237388,4.000
-12.929717,1.284771,4.000
-12.945025,1.332403,4.000
-12.959586,1.380269,4.000
-12.973405,1.428355,4.000
-12.986485,1.476646,4.000
-12.998830,1.525131,4.000
-13.010440,1.573797,4.000
-13.021317,1.622633,4.000
-13.031465,1.671625,4.000
-13.040884,1.720762,4.000
-13.049548,1.770038,4.000
-13.057472,1.819438,4.000
-13.064668,1.868950,4.000
-13.071136,1.918562,4.000
-13.076877,1.968263,4.000
-13.081890,2.018043,4.000
-13.086177,2.067891,4.000
-13.089739,2.117796,4.000
-13.092576,2.167747,4.000
-13.094691,2.217734,4.000
-13.096086,2.267746,4.000
-13.096762,2.317774,4.000
-13.096721,2.367806,4.000
-13.095965,2.417832,4.000
-13.094496,2.467842,4.000
-13.092310,2.517826,4.000
-13.089379,2.567772,4.000
-13.085741,2.617671,4.000
-13.081398,2.667514,4.000
-13.076351,2.717291,4.000
-13.070602,2.766991,4.000
-13.064153,2.816606,4.000
-13.057006,2.866124,4.000
-13.049161,2.915537,4.000
-13.040621,2.964835,4.000
-13.031388,3.014007,4.000
-13.021463,3.063045,4.000
-13.010849,3.111938,4.000
-12.999547,3.160677,4.000
-12.987555,3.209250,4.000
-12.974841,3.257640,4.000
-12.961447,3.305845,4.000
-12.947373,3.353857,4.000
-12.932623,3.401665,4.000
-12.917197,3.449259,4.000
-12.901098,3.496630,4.000
-12.884325,3.543767,4.000
-12.866881,3.590659,4.000
-12.848765,3.637296,4.000
-12.829979,3.683667,4.000
-12.810518,3.729759,4.000
-12.790380,3.775558,4.000
-12.769547,3.821047,4.000
-12.748005,3.866203,4.000
-12.725782,3.911029,4.000
-12.702875,3.955509,4.000
-12.679277,3.999626,4.000
-12.654984,4.043364,4.000
-12.629987,4.086704,4.000
-12.604276,4.129624,4.000
-12.577839,4.172101,4.000
-12.550659,4.214106,4.000
-12.522647,4.255561,4.000
-12.493834,4.296463,4.000
-12.464219,4.336788,4.000
-12.433761,4.376481,4.000
-12.402423,4.415482,4.000
-12.370177,4.453737,4.000
-12.336889,4.491088,4.000
-12.302677,4.527594,4.000
-12.267514,4.563185,4.000
-12.231401,4.597812,4.000
-12.194304,4.631382,4.000
-12.156349,4.663980,4.000
-12.117643,4.695682,4.000
-12.078257,4.726535,4.000
-12.038228,4.756551,4.000
-11.997580,4.785721,4.000
-11.956352,4.814065,4.000
-11.914647,4.841705,4.000
-11.872506,4.868674,4.000
-11.829960,4.894999,4.000
-11.787039,4.920708,4.000
-11.743769,4.945824,4.000
-11.700170,4.970367,4.000
-11.656265,4.994358,4.000
-11.612067,5.017804,4.000
-11.567587,5.040710,4.000
-11.522842,5.063094,4.000
-11.477846,5.084971,4.000
-11.432612,5.106349,4.000
-11.387149,5.127237,4.000
-11.341467,5.147643,4.000
-11.295571,5.167560,4.000
-11.249473,5.187007,4.000
-11.203183,5.205992,4.000
-11.156709,5.224521,4.042
-11.110058,5.242599,4.090
-11.063236,5.260233,4.138
-11.016251,5.277426,4.185
-10.969108,5.294180,4.232
-10.921814,5.310502,4.278
-10.874375,5.326399,4.324
-10.826796,5.341875,4.370
-10.779085,5.356936,4.414
-10.731246,5.371585,4.456
-10.683285,5.385829,4.491
-10.635206,5.399673,4.526
-10.587016,5.413120,4.561
-10.538718,5.426178,4.596
-10.490317,5.438850,4.632
-10.441819,5.451142,4.668
-10.393227,5.463060,4.704
-10.344546,5.474607,4.741
-10.295780,5.485790,4.779
-10.246933,5.496614,4.816
-10.198009,5.507083,4.854
-10.149011,5.517202,4.893
-10.099943,5.526977,4.933
-10.050809,5.536411,4.972
-10.001612,5.545511,5.012
-9.952355,5.554281,5.051
-9.903041,5.562726,5.090
-9.853673,5.570849,5.128
-9.804254,5.578658,5.167
-9.754787,5.586155,5.205
-9.705275,5.593347,5.242
-9.655720,5.600239,5.280
-9.606125,5.606835,5.317
-9.556492,5.613141,5.354
-9.506824,5.619161,5.391
-9.457122,5.624901,5.427
-9.407390,5.630365,5.463
-9.357628,5.635559,5.499
-9.307840,5.640488,5.535
-9.258026,5.645157,5.570
-9.208189,5.649569,5.606
-9.158331,5.653732,5.641
-9.108453,5.657648,5.675
-9.058556,5.661323,5.710
-9.008642,5.664762,5.744
-8.958714,5.667969,5.779
-8.908771,5.670950,5.813
-8.858815,5.673708,5.846
-8.808848,5.676249,5.880
-8.758870,5.678577,5.913
-8.708883,5.680697,5.947
-8.658888,5.682613,5.980
-8.608886,5.684330,6.000
-8.558877,5.685853,6.000
-8.508863,5.687187,6.000
-8.458844,5.688335,6.000
-8.408822,5.689303,6.000
-8.358796,5.690095,6.000
-8.308768,5.690716,6.000
-8.258738,5.691170,6.000
-8.208707,5.691462,6.000
-8.158676,5.691596,6.000
-8.108644,5.691577,6.000
-8.058612,5.691409,6.000
-8.008582,5.691098,6.000
-7.958552,5.690646,6.000
-7.908523,5.690059,6.000
