x,y
-1.0349807616577564,0.5494242481037315
-1.1007743369509626,0.5330711692014187
-1.1685943567532675,0.5117360204385459
-1.2382978160354696,0.4852427935456092
-1.3097750220477167,0.45349178081040264
-1.3829334531998114,0.41642430280100484
-1.427690076465609,0.3801937586332613
-1.4744797487008974,0.3410545487196135
-1.5232938742299282,0.2990248560270121
-1.5740988739507351,0.2540918486131183
-1.6268570254556671,0.20623808461098392
-1.6815236534333948,0.1554422560771087
-1.7351547451357945,0.10340303137350837
-1.7878152725231757,0.05032450297604818
-1.8395434521305987,-0.003671077666123068
-1.8903299729733583,-0.05853775510149717
-1.940149821844738,-0.11425791500317928
-1.988976703928241,-0.17082654664050345
-2.0367851467263556,-0.22824248905829414
-2.0835597711106892,-0.28649881132482413
-2.129312989240317,-0.34556699419395187
-2.174065958886498,-0.4054137511702187
-2.217855317949473,-0.4659962818209813
-2.2607474204792517,-0.5272538434574798
-2.3028187503582345,-0.5891214954111845
-2.344160456452256,-0.6515266859753659
-2.3849099980124624,-0.714366401737248
-2.4252179658402966,-0.7775277996561751
-2.4652226853661965,-0.840906185542031
-2.5050581301548327,-0.9044025625319483
-2.544831867838864,-0.9679394486512569
-2.5846087772512085,-1.031469910234316
-2.624438625024963,-1.0949586091064285
-2.6643643807034714,-1.158377118012866
-2.7044062018248223,-1.2217123006156507
-2.744568483579503,-1.2849604514974038
-2.7848305179034423,-1.3481329809300266
-2.8251142829367026,-1.4112778364798748
-2.865309436536039,-1.474466244428144
-2.905303623905091,-1.5377729406156995
-2.9449754305612608,-1.6012774816572497
-2.9842155954185365,-1.6650455810618698
-3.0229361572165754,-1.7291239833288676
-3.0610592447567555,-1.793550486477586
-3.0985084880353426,-1.8583601930711762
-3.135229368603696,-1.9235769755684924
-3.171189199433881,-1.9892144854840073
-3.2063697421200565,-2.055278678754238
-3.2407787798686414,-2.1217594166531004
-3.274439365426069,-2.1886355632474395
-3.3073738578955663,-2.255885201418258
-3.339622291452322,-2.323477312672214
-3.371250536999357,-2.3913715177406525
-3.4023454924741365,-2.45952189107257
-3.4329957568628107,-2.5278847689213118
-3.4632862561728857,-2.59642043163712
-3.4932680370732054,-2.6651039296225667
-3.522959231897609,-2.7339237477737335
-3.5523607660348553,-2.8028747870378803
-3.581451894104374,-2.8719593933089334
-3.6101919912618445,-2.941185511589561
-3.6385166655922045,-3.0105664367036473
-3.666315953946235,-3.080128635336701
-3.6934177627476785,-3.1499142839927803
-3.7195705174942297,-3.2199735784666794
-3.744434363234184,-3.2903445304885546
-3.7675514626162325,-3.3610214049473637
-3.78840457419267,-3.4319400054855986
-3.806437274057698,-3.5029833989784445
-3.8210784051353883,-3.57399867165926
-3.8317870465017574,-3.644817689841302
-3.8380563625841386,-3.7152565165876785
-3.839419226475197,-3.7851078644013203
-3.8354649288757834,-3.854139339982818
-3.8258574037129236,-3.9220974904285937
-3.8103834864659785,-3.9887172286964683
-3.7890079703809327,-4.053751801573649
-3.7619482951595664,-4.117034899660258
-3.729594045299139,-4.178501928852075
-3.6924565114152657,-4.23818085070613
-3.6511070310591087,-4.296158242341603
-3.6061065558093084,-4.352528987743063
-3.5580001022221133,-4.40739324888215
-3.5073224267105285,-4.460868292047977
-3.454585942223055,-4.513084793321713
-3.4002654215942663,-4.564181014021319
-3.3447596857768964,-4.61427936720287
-3.288357849827916,-4.663462936059009
-3.23119495773307,-4.711728497738086
-3.1732905646645477,-4.758966061748527
-3.1145865200871654,-4.80497667502408
-3.0549909817890075,-4.849523101887479
-2.9944137282298406,-4.892365768048436
-2.9327767520057293,-4.933290757509859
-2.870011624807116,-4.972114865926006
-2.8060664354340084,-5.008690739321645
-2.7409073722804074,-5.042901622488879
-2.6745365942055592,-5.074687269994664
-2.6069913475329134,-5.104050672701938
-2.538347168558305,-5.131073611954429
-2.468714383139325,-5.155927566052803
-2.3982265457454464,-5.178867830085327
-2.3270226995876975,-5.200182194519252
-2.255243829882973,-5.22018156863424
-2.18302397343923,-5.23916427293942
-2.1104846926867324,-5.257392974753763
-2.0377249513197384,-5.275072500359251
-1.9648236254279379,-5.292362571520748
-1.8918310334090656,-5.309351200982599
-1.8187756823014354,-5.326043292510754
-1.7456742938636225,-5.342359654788446
-1.6725456358014839,-5.3581233110659365
-1.599410257310339,-5.3730629876972085
-1.526293953567702,-5.386842807156669
-1.4532257722837123,-5.39906653210679
-1.380227291247536,-5.409305875600794
-1.3073158215064815,-5.417116394080294
-1.2345244180060888,-5.422074721190681
-1.1619023391244738,-5.4237902965076845
-1.0895193490512156,-5.42195941300694
-1.0174627076356728,-5.416382158811784
-0.9458310113948549,-5.406955065172429
-0.8747128139790448,-5.393696737420701
-0.8042049584891267,-5.376685723078948
-0.7344239972679709,-5.3560325361310905
-0.6655105830322086,-5.331875209848031
-0.5976375032965251,-5.304354303945397
-0.5310114244243636,-5.27361105101804
-0.4658411619715537,-5.239794853369711
-0.4023095177821574,-5.203063168287677
-0.3405630518720706,-5.163549285540757
-0.28068886678710214,-5.121380269677392
-0.22270829026862415,-5.076699486232204
-0.16659424939989975,-5.029644944278884
-0.11225800590113977,-4.98040021647843
-0.05953934982207798,-4.929206345399155
-0.008210493180740741,-4.876349366913864
0.042004385492887764,-4.822150398525867
0.0914349941367334,-4.7669651482415425
0.14042597060059592,-4.7111441243284204
0.1892858192645548,-4.655004545705388
0.2382719538334257,-4.598823687888944
0.2875539687967539,-4.5428034335449
0.33722403882794083,-4.487062424627542
0.38730507080218857,-4.431641517100401
0.4377582821919077,-4.376509971220629
0.4884911390818125,-4.321580873522559
0.5393759232588309,-4.266737133306988
0.5902682240290247,-4.211852273746306
0.6410101533091321,-4.156794419026242
0.6914593426779305,-4.101451304536955
0.7415150389046374,-4.045744576115392
0.7911187316499095,-3.989628518319609
0.8402687556292676,-3.933102437860607
0.8889970060440078,-3.876195280447827
0.9373620414424693,-3.8189616763243333
0.9854492959404091,-3.761479933712784
1.0333660365120139,-3.70384630190115
1.0812260419679482,-3.6461606449971278
1.1291527940988253,-3.588529966290171
1.1772679466948475,-3.531061302665166
1.2256742934942828,-3.473846132156809
1.2744356045555776,-3.416941881744413
1.3235742305247093,-3.3603683754935796
1.373067913327585,-3.3041061707196695
1.4228627534631215,-3.248108381503486
1.472895004511983,-3.1923209543912696
1.5231049032217392,-3.1366939380258154
1.5734292347807965,-3.0811743681647794
1.6237987965768959,-3.025704081117227
1.6741210750021338,-2.9702036273546275
1.7242671492029515,-2.914559834939218
1.774078091342897,-2.8586342326146887
1.8233967856045545,-2.8022959744140374
1.872097511320142,-2.7454490364433983
1.9200904709682156,-2.688033185778435
1.96733139190842,-2.6300260329823093
2.0137985754663994,-2.571422165626922
2.0594518205173564,-2.5122021942668207
2.104214652739575,-2.452324372048481
2.147982146659473,-2.391732248046754
2.190627494548572,-2.330365130457981
2.232031656918487,-2.2681852588244116
2.2721032884968544,-2.2051870004372125
2.310782209212281,-2.141385836193357
2.3479988658408963,-2.07679192009467
2.3836422036362883,-2.0114045906232842
2.4175055726832575,-1.9452014167623002
2.449257623350629,-1.878158289434686
2.4784729533219796,-1.8102860967797714
2.504699462314864,-1.7416575383772486
2.5274879387534206,-1.6723972708793386
2.5464216619916016,-1.6026756821110109
2.5611173024223888,-1.5326907361671775
2.571196033374992,-1.4626563022888925
2.576252291316738,-1.3927924855795801
2.5758805245445338,-1.3233437671515338
2.5697411599657194,-1.2545838328411758
2.5576282404491373,-1.1868191650884636
2.5395472854074086,-1.1203551960524418
2.5157001192547526,-1.055459349703117
2.4864138242272844,-0.9923347803285356
2.452076862866239,-0.9311356370134698
2.413098109144997,-0.8719776410209494
2.3698847103556915,-0.8149489164169115
2.3228627122744996,-0.7600947920361554
2.2724908336985727,-0.7074209075683777
2.219256058395011,-0.6568820098973323
2.1636286714995876,-0.6083928850692324
2.1060340799121704,-0.5618312602815756
2.046802721606525,-0.5170678031304679
1.9861814287818582,-0.4739698026937429
1.924356960834313,-0.43241100287217193
1.8614865301329502,-0.3922658717420493
1.7977100293974324,-0.3534106726033919
1.7331600351217062,-0.3157164185602639
1.6679428873560944,-0.279083182010714
1.6021396441038505,-0.2434409942108431
1.5358118716052793,-0.20873268472224282
1.4690143084812703,-0.17489821226826763
1.4017971022506188,-0.1418722366604328
1.3342146160791692,-0.10957170915465042
1.2663102034210247,-0.0779278970246633
1.1981135719101168,-0.046896851177731236
1.1296445606068204,-0.01645215714292192
1.0609196719347764,0.013427993814245198
0.9919517384278862,0.042760130439177146
0.9227639952332893,0.07158725714539571
0.8533861082769363,0.09996740733656928
0.7838389627790328,0.127936020716918
0.7141298978191379,0.15549503541489607
0.6442526790084635,0.18261292766193726
0.5741881943734164,0.20922653533681057
0.5039221538157364,0.2352852700908823
0.4334502462259273,0.26076449064798446
0.36277579390277026,0.28566189331114344
0.29190553124412943,0.3099879908766603
0.22084712382360294,0.3337578827166716
0.14959996525634267,0.3569634617863997
0.07816079414769206,0.3795892134413439
0.006531492958252727,0.4016323799919448
-0.06527989530228595,0.4231039401827381
-0.13725986280910618,0.44402584323620786
-0.20939458200286865,0.46439215358933517
-0.2816765235123455,0.48407981282985446
-0.35075024026565416,0.5025774378640051
-0.41660350724322015,0.5199174225185992
-0.4792302027698163,0.5361105945217677
-0.5386277848708438,0.5511530338912713
-0.5947929140384787,0.5650376652694504
-0.6777257872113971,0.5715687707381196
-0.7569146141944287,0.574460983539046
-0.8322902708802644,0.5736734225411215
-0.9037982458306288,0.5691953456216545
-0.9713818347685077,0.5610636567822294
